,Occupation_type_Sales staff
9401,0
9539,0
6735,0
9693,0
1188,0
5876,1
4507,0
8128,0
580,0
2066,0
2845,0
6512,0
3158,0
6750,0
6966,0
3311,0
1780,0
2439,0
5920,0
570,0
485,0
6380,0
7431,0
5909,0
7898,0
8940,0
3434,0
1143,0
1204,0
2756,0
4720,0
8985,0
4820,0
4914,0
1205,0
5561,0
1269,0
2521,1
3901,0
5878,0
6963,0
4137,1
9469,0
6290,0
4723,0
2125,0
4601,0
3321,0
4852,0
3073,0
2119,0
5912,0
2266,0
771,0
7670,0
2808,0
6377,0
2698,0
5384,1
5139,0
4929,1
7128,0
3706,0
9706,0
8624,0
4223,0
3956,0
8208,0
3174,0
551,0
1018,0
5214,0
7114,0
2750,0
4418,0
8152,0
7299,0
8050,0
5790,0
3147,0
8501,0
6568,0
7315,0
4778,0
2676,0
6393,0
9500,0
8334,0
737,0
4681,0
424,0
7030,0
8511,1
4100,0
2321,0
4,0
5407,0
4798,1
2096,1
26,0
4646,0
2502,0
7345,0
113,0
8957,0
6346,0
6360,0
206,0
672,1
6563,0
1580,0
3002,0
5047,0
5052,0
6384,0
6949,0
3134,0
5745,1
9645,0
6661,0
6894,0
5327,0
2022,0
6274,0
9456,1
2997,0
4492,0
9685,1
3349,0
2932,0
2585,0
8658,1
7945,0
9059,0
9120,0
4237,0
7855,0
8991,0
5859,1
2009,0
2183,0
4443,0
2076,0
7773,0
6781,0
9506,0
6105,0
8689,1
4382,0
6924,0
6498,0
3587,0
8590,0
95,0
5244,0
8998,0
7461,0
3403,0
6236,0
567,0
3314,0
6170,0
968,0
1641,1
2789,0
4670,0
1429,0
788,0
5610,0
6883,0
1251,0
8844,0
49,0
5177,0
506,0
6619,0
8538,0
3586,0
6369,0
7542,0
2786,0
1614,0
2686,0
2429,0
1815,0
6861,0
5903,0
4795,0
8144,0
6293,1
6375,0
896,0
125,0
4045,0
227,0
472,0
270,0
4901,0
4466,0
7712,1
9037,0
886,0
1606,1
2600,0
4943,0
1384,0
5783,0
5080,0
1192,0
3234,0
2286,0
1121,0
5669,0
2884,0
1758,0
2890,0
5203,0
7852,0
7092,0
8518,0
6796,1
8174,0
4181,0
8577,0
8163,0
5439,0
8898,1
4106,0
2430,0
3425,0
5294,0
1263,0
5769,0
1704,0
8071,0
7327,0
7231,0
1766,0
6905,0
1267,0
7693,0
7905,0
4909,0
8495,0
1179,0
204,0
6751,0
366,0
3960,1
8742,0
9112,1
7255,0
7097,1
1743,0
6350,0
6422,0
9203,0
8851,0
8400,0
3272,0
3973,0
7731,0
9165,0
6887,0
235,0
2343,0
155,0
6362,0
5405,0
2267,0
4465,0
578,0
5275,0
5853,0
8450,0
1451,0
7809,0
7487,0
114,0
1329,0
9683,0
5419,0
1407,0
3084,0
3527,0
3579,0
1830,0
1235,0
9152,0
2996,0
8616,0
6541,0
9609,0
664,1
877,0
7006,0
4102,0
2642,0
462,0
4728,0
2674,0
2329,0
5399,0
9562,0
1166,0
493,0
3172,0
4004,0
983,0
1260,0
3485,0
9319,0
8519,0
6184,1
4902,0
4821,0
4410,0
2107,0
9242,0
6467,0
5189,0
6544,0
3875,0
4868,0
6976,0
2995,0
2759,0
460,0
238,0
212,0
1127,0
699,0
174,1
4749,0
4740,1
3262,0
9446,0
6172,0
6408,0
8230,0
5524,0
6013,0
5852,0
6938,1
6492,0
1447,0
3020,0
8075,0
4044,0
1077,0
979,0
9156,1
6219,0
2549,0
2913,0
7920,0
7754,0
3884,0
9647,0
8687,0
8306,0
8547,0
926,0
1068,0
7277,1
6426,0
5106,0
6559,0
8379,0
4692,0
4668,0
6070,0
3954,0
716,0
1918,0
9097,0
2748,0
3237,0
8699,0
7910,1
6997,0
2879,0
9143,0
4108,0
955,0
5602,0
7438,0
640,0
4628,0
8908,0
6570,0
5154,1
934,0
697,0
232,0
5696,1
542,1
3609,0
2225,0
7641,0
4279,0
7877,0
3651,1
1692,0
2075,1
8884,0
5961,0
4185,0
7008,0
8471,0
6146,0
3729,0
8118,0
8490,0
5198,0
8207,0
1176,0
5066,0
2005,0
9133,0
7701,0
2219,0
2330,0
5464,0
4325,0
5511,0
6676,0
3110,0
6785,0
4817,0
9623,0
4900,0
7893,0
3788,0
3310,0
5241,0
3929,0
6188,0
6607,0
8505,0
5787,0
2279,0
9692,0
1979,1
7486,0
6551,0
190,1
7509,1
1617,1
5298,0
4020,1
7221,0
6868,0
9138,0
3726,0
297,0
8782,0
2060,0
1210,1
4007,0
8269,0
5539,0
6348,1
5664,0
868,0
2806,0
7884,0
9240,1
1761,1
6258,1
621,0
3798,1
7478,1
5618,0
3019,0
7206,0
7378,0
2509,0
9251,0
7143,0
4438,1
7713,0
3183,0
8279,1
1363,0
3660,0
8820,0
5358,0
5385,0
4066,0
5628,0
168,1
4513,0
7655,0
7476,0
4652,0
2953,0
2402,0
7162,0
7349,0
97,0
4690,0
4284,0
5381,0
6104,0
2435,0
2044,0
7167,1
655,1
703,1
3647,0
75,0
5029,0
479,1
6672,0
4314,0
187,0
7192,0
3682,0
1707,0
505,0
6873,0
541,0
3590,0
8210,0
8447,0
5586,0
265,0
4499,0
7624,0
5513,0
3837,0
2846,0
1008,0
2695,0
1108,0
3634,0
3381,1
5362,1
3474,0
3770,0
6471,0
5087,0
248,0
2433,0
8542,0
628,0
71,0
2984,0
5434,0
3366,0
6376,0
7183,0
4144,0
8589,0
9171,0
1857,0
6214,0
9361,0
2644,0
3843,0
4414,0
1686,0
1839,0
3117,0
4660,0
2633,0
6040,1
8023,0
5403,0
3658,0
7051,0
247,0
5205,0
5611,0
6167,1
2840,0
6315,0
4786,0
1551,0
352,0
4069,0
8680,0
3286,0
8189,0
200,0
4999,0
104,0
4775,0
9268,1
7613,1
9377,0
9293,0
7606,0
2899,0
948,1
7873,0
1341,0
81,0
3470,0
486,0
8693,0
6359,0
6245,0
5549,0
5272,0
1378,1
533,1
6421,0
2392,0
8353,0
8877,0
1360,0
2187,0
2629,0
553,0
2120,0
6680,0
4304,0
4918,0
4361,0
490,0
667,0
31,0
6625,0
5833,0
1430,0
6533,0
4163,0
2001,0
7456,0
6077,0
4531,0
8037,1
1383,0
7658,1
9209,0
6708,0
2859,0
1037,0
327,0
5304,0
344,1
8348,0
1543,0
5422,0
8255,0
4826,0
1082,0
1214,0
7688,0
700,0
3808,0
4572,1
999,0
3536,1
1279,0
476,0
7605,0
6762,0
226,0
4533,0
5856,0
1837,0
9651,0
3421,0
5834,0
6262,0
1224,0
1547,0
5288,0
3569,0
885,0
7467,0
5437,0
4548,1
7095,0
7970,0
4191,0
5072,1
4158,0
8025,0
1675,0
5711,1
5759,0
6239,0
4887,0
9168,0
3821,1
7699,0
8256,0
4073,0
5642,0
3624,0
8810,0
5138,0
1951,0
5573,0
1964,0
3170,0
8427,1
5101,1
8133,0
9527,0
4877,0
755,0
7080,0
4939,0
557,0
5574,0
6297,0
5467,0
9309,0
835,0
3335,0
68,0
6107,0
2337,0
3825,0
5372,1
2024,0
775,1
8922,0
2583,0
950,1
6970,0
4211,0
8629,0
364,0
798,0
6520,0
5940,0
6415,0
407,0
2504,0
3162,0
4833,0
8953,0
477,0
5134,0
1826,0
2200,0
7892,0
3008,1
6814,0
4776,0
6203,0
9667,0
7590,0
8027,0
8735,0
3416,0
6024,0
1808,1
2271,0
458,0
5262,0
8159,0
2732,0
2670,0
6485,1
2843,0
9273,0
4107,0
9150,0
1081,0
9083,1
6842,0
100,0
2777,0
6503,1
7382,0
2281,0
7666,0
7218,0
4399,0
393,1
7248,0
2197,0
6638,0
5686,0
4944,0
5832,0
9505,0
3018,0
65,0
8720,0
2464,0
1110,0
7185,0
2074,0
6907,0
8895,0
1440,0
284,0
7963,0
6423,0
937,1
8620,0
5897,0
940,0
8449,1
1521,0
4602,0
7052,1
5576,0
7738,0
7937,1
8493,0
252,0
3677,1
2710,0
1828,0
652,0
5960,0
5093,0
9039,0
7468,1
1595,0
9499,0
4587,0
8003,0
1885,0
1305,1
5838,1
797,0
5724,0
6611,0
3762,0
2323,0
4057,1
8407,1
3874,0
5564,0
9530,1
8180,0
1032,0
9581,0
8002,0
1439,1
7631,0
7515,0
1846,0
3944,0
7151,0
5022,0
6178,0
4288,0
7252,0
5908,1
8446,1
3451,0
7155,0
974,0
1055,0
4213,0
482,0
142,0
6047,0
7962,0
2882,0
5507,0
2081,0
2101,0
17,0
1500,0
2505,0
849,0
401,0
6163,0
5277,0
5982,0
5957,0
7796,0
1147,0
3101,0
1635,1
2628,0
9328,0
674,0
6171,0
11,0
9042,0
360,0
7498,0
3695,1
1220,0
5152,0
3360,0
4614,0
3456,0
6238,0
6215,0
2652,0
6950,0
8187,0
6459,0
5678,0
5509,0
9044,0
4316,1
1603,0
3771,0
22,0
7921,0
3337,0
2957,0
8873,0
157,1
5617,0
6988,0
7835,0
8009,0
8371,0
2827,0
1072,0
2368,0
2742,0
6261,0
4204,1
9392,0
4687,0
8809,0
64,0
520,0
4250,0
2513,0
773,0
6740,0
838,0
7843,0
6769,0
1672,0
5746,0
7602,0
8324,0
5949,1
7700,1
5544,0
4828,0
3745,0
7379,0
9517,0
1863,1
5559,0
7078,0
6926,0
5597,0
7195,0
9703,1
639,0
2272,0
7677,1
3041,0
5603,0
855,0
9409,0
7495,0
2626,1
2457,0
9630,0
1042,0
196,0
6601,0
8937,0
5190,0
2576,0
8549,0
1824,0
8910,0
924,0
3855,0
3066,0
2465,0
9047,0
4984,0
8708,0
1829,0
4648,0
4268,0
1523,0
8497,1
2970,0
4967,0
4084,0
7961,0
6840,0
3906,0
7543,0
3559,0
1934,0
8081,0
7069,0
8188,0
5084,0
3374,0
5981,0
4489,0
2844,1
3581,0
4260,0
869,0
3861,1
2741,0
6983,1
8362,0
4858,0
1602,0
1501,0
1022,0
1408,0
6018,0
9476,0
8521,1
3116,0
3982,0
6968,0
2223,0
3635,0
1397,0
5987,0
7868,0
6564,0
8283,0
1482,0
7036,0
7142,0
6281,0
7066,1
8913,0
2783,0
6603,0
4234,0
3351,0
9239,0
1231,0
263,1
9299,0
1609,0
8031,0
2743,0
1604,0
4037,0
3910,0
8391,0
5941,0
4193,0
6212,0
1623,1
3475,0
7227,0
4062,0
1741,0
7334,0
8639,0
8272,0
9642,1
8666,0
107,0
5443,0
7392,0
8399,0
8177,0
756,0
9619,0
1742,0
8558,0
5749,0
2842,0
8730,0
5063,0
3339,0
6216,0
6363,0
8345,0
8224,0
6864,0
2449,0
1421,0
3871,0
6923,0
4368,0
4622,0
3566,0
2097,0
5267,0
7702,0
2069,0
439,0
4093,0
3593,0
6878,0
8786,0
7507,0
5396,0
7762,0
464,0
4064,0
6774,0
4447,0
2228,1
732,0
260,0
4205,0
8054,0
4770,0
7463,0
2115,1
7089,0
9010,0
7534,0
2998,0
1402,1
365,0
6766,0
4884,0
0,0
3924,0
2572,0
6841,1
5616,0
6179,0
6941,1
2895,0
6141,0
6103,0
9556,0
745,1
5274,0
5776,0
5431,1
9260,0
916,0
6341,0
8038,0
7389,0
382,1
8286,0
4927,0
1423,0
5311,0
5962,1
264,0
3146,1
5805,0
356,0
4695,0
2112,0
8033,1
4629,0
410,0
316,0
3054,0
5458,0
9043,0
2665,0
2856,0
1639,0
14,0
1286,0
1428,0
8132,0
6509,0
7674,0
8524,0
6186,0
2631,0
6195,0
7190,0
475,0
1337,0
2511,0
7853,0
2102,0
8244,0
5701,0
59,0
8575,0
7793,0
7466,0
5817,0
3632,0
4231,0
7188,0
3022,0
1239,0
7145,0
5493,0
2389,0
1301,0
3959,0
9086,1
1095,0
2591,0
3429,0
3772,0
4085,0
3816,0
7119,0
2717,0
2601,0
2891,0
1723,0
800,0
4511,0
8833,0
8385,0
315,0
559,0
3582,0
3273,0
1116,0
8861,0
2544,0
6019,0
4214,0
4018,0
2288,0
4608,1
9349,0
1596,0
6773,0
2461,0
9151,0
1252,0
6776,0
4704,0
8139,0
8354,0
7797,0
7121,0
9470,0
8843,0
6975,0
3550,0
7611,0
744,0
5432,0
2915,0
3414,0
7771,0
8267,0
2162,0
4701,1
636,0
3508,0
9182,1
4699,0
8056,0
5061,0
981,0
4686,1
5657,0
6227,0
3295,1
9464,0
319,0
198,0
4634,0
1372,0
133,0
2919,1
7692,0
9550,0
5213,0
3364,0
5607,0
3103,1
2660,0
6631,0
6998,0
6296,0
6044,0
1663,0
5537,0
2877,0
7073,1
4028,0
3232,0
7799,0
6780,1
2054,0
7180,0
2195,0
6143,0
8839,0
2685,0
4326,0
8416,0
9007,0
7191,0
2800,0
5640,0
768,0
3248,0
9132,0
6473,0
3385,0
2946,0
7421,0
9011,0
7039,0
7985,0
2295,0
7297,1
3557,0
7788,0
7811,0
4719,1
8103,1
4479,0
7161,0
9198,0
5752,0
8480,0
30,0
8332,0
8657,0
5006,0
6191,0
101,0
9158,1
1352,0
3540,0
5804,0
1067,0
6712,0
2335,0
3179,0
532,0
2980,0
888,0
7512,1
8100,0
6135,0
899,0
631,0
7067,0
3585,0
9053,0
882,0
9379,0
8006,0
7335,0
6700,0
5968,0
9035,0
6137,1
4996,0
2100,0
3888,0
5710,0
149,0
764,1
3652,0
7573,0
124,0
821,0
4019,0
223,0
8005,1
2412,0
1237,0
7630,0
7164,0
9423,0
3685,0
4582,0
7691,0
4421,0
5517,0
6403,0
6056,0
3104,0
8793,0
9057,0
1182,0
3529,0
7308,0
8925,0
949,0
9569,0
8195,0
7830,0
5449,0
4730,0
2482,0
3752,0
3490,0
4055,0
3522,0
7620,0
5829,1
9610,0
1802,0
208,0
4195,0
4797,1
4262,0
2342,0
6330,0
8671,0
9465,0
7182,0
2662,0
7423,0
2456,0
6501,0
5972,0
902,0
6334,0
3710,0
9696,0
1298,0
5142,0
165,0
8587,0
1952,0
3359,0
7434,1
4029,0
7949,0
6761,0
6050,0
586,0
3657,0
8162,0
8335,0
3276,0
6234,0
7621,0
4861,0
5050,0
5249,0
9315,0
7033,0
8804,0
2280,0
7571,0
5653,0
8902,0
1632,0
7651,0
3947,0
780,0
4733,0
7560,0
8342,1
8783,0
5647,0
3741,0
7202,0
4845,0
3903,0
1002,0
3535,0
2886,0
7038,0
3464,0
5871,0
4972,0
6532,0
5570,0
8323,0
3537,0
4560,0
8737,0
8365,0
6087,0
3483,0
8864,0
3215,0
9554,0
5204,0
6645,0
2719,0
1991,0
2611,0
7642,0
1831,0
4866,0
3356,0
6977,0
7881,0
7698,0
3401,0
9680,0
9332,0
9337,0
1516,0
6823,0
6336,0
7842,1
9078,0
4891,0
8601,1
1760,0
3080,0
3453,0
3716,0
598,0
7350,0
6405,0
7838,0
9147,0
3720,0
5096,0
9107,1
4976,0
5187,0
2658,0
6991,0
547,0
3902,0
6124,0
9081,0
2763,0
3023,0
2623,1
4327,0
2936,1
3290,0
5516,0
1711,0
105,0
2029,0
3717,0
7734,0
4271,0
572,1
6987,0
5210,0
4693,0
4603,0
2989,0
2613,0
3159,0
4164,0
7093,0
7440,0
2152,0
560,0
6944,0
5075,0
7170,0
8555,0
4493,0
1327,0
7238,0
8585,0
8049,0
4143,0
2289,0
4809,0
1626,0
1801,0
3515,0
9303,0
9661,0
3189,0
2079,0
7886,0
4206,0
5456,0
6246,1
6892,0
576,0
3545,0
193,0
5566,0
2752,0
9012,0
5811,0
4595,0
646,0
1684,0
6021,0
7115,0
1564,1
4514,0
8315,0
9036,0
7236,0
5242,0
2690,1
1033,0
2510,0
4957,0
2176,0
846,0
3860,0
1393,0
8392,0
4781,0
6548,0
3641,0
6644,0
2132,0
6111,0
4123,0
303,0
4714,0
1446,0
9170,0
4811,0
7671,1
1247,0
2241,0
4609,1
5624,1
5016,0
4638,0
6387,0
2256,0
2072,0
9274,0
2967,0
8932,0
1003,0
2236,0
9314,0
3013,0
8824,0
3707,0
564,0
3534,0
8232,0
5056,1
9135,0
2327,0
7220,0
4742,0
1763,1
5035,0
1201,1
4266,0
6454,0
2542,0
1283,0
2825,0
1346,0
3572,0
5057,0
7715,1
4161,0
7891,0
6202,1
4388,0
5497,0
3718,0
3219,0
5861,0
5287,1
5317,0
2108,0
83,0
8705,1
8635,0
4011,0
8452,0
145,0
6540,0
2499,1
4993,0
4840,0
8109,0
4054,0
993,0
5868,0
6795,0
2269,0
2575,0
8992,0
927,0
8961,0
1930,0
765,0
5182,0
2830,0
4484,0
6368,0
9048,1
6807,0
1919,0
3141,1
6326,0
1698,0
5017,0
7247,0
1050,0
4324,0
244,0
4035,0
7832,0
7608,1
399,0
8664,0
4851,0
7820,0
3334,0
9484,0
1858,0
4129,0
233,0
1534,0
2974,0
8287,0
4500,0
6147,0
1783,0
494,0
7913,0
4774,0
9149,0
435,0
7268,0
1405,0
2749,1
1229,0
9672,0
7404,0
1659,0
4172,0
61,1
3437,1
6160,0
6952,0
4453,0
5943,1
6061,0
562,0
7063,0
5176,0
2019,0
2771,0
1757,1
6616,0
6026,0
4949,0
2853,0
7096,1
9076,0
3245,0
5356,0
8665,0
3740,0
7136,0
9079,0
3577,0
6430,0
7436,0
8572,0
1654,0
7943,0
5904,0
2071,1
720,0
6756,0
4190,0
1594,0
9275,0
306,0
7995,1
3264,0
677,0
7471,0
5718,0
2880,0
341,0
3842,0
4307,0
9396,0
502,0
9677,0
915,1
4387,0
7867,0
9366,0
577,0
4717,0
2318,0
4932,0
1468,0
141,0
5742,0
7500,0
4433,0
9261,0
3742,0
5018,0
2170,0
1466,0
3307,0
5175,0
6629,0
7333,1
1228,0
4309,0
2869,0
4221,1
5964,0
6895,0
5709,0
2192,0
6385,0
4822,1
1335,0
5923,0
2244,0
8455,0
3140,1
1087,1
6834,0
534,0
8502,1
3942,0
9641,0
1426,0
4442,0
7798,0
5999,0
8916,0
8862,0
601,0
8231,0
1570,0
5825,0
3153,0
4873,0
6093,0
172,0
7435,0
8360,0
1647,0
4964,0
1046,0
6706,0
2175,0
5100,0
1497,0
4787,0
9358,0
4528,0
1855,0
4047,0
9266,0
3415,0
1689,0
1250,0
9192,0
8238,0
7289,0
1716,0
1559,0
1478,0
6443,0
6910,0
9591,0
7449,1
3602,0
3460,0
4390,0
1443,0
5461,0
5865,0
8996,0
4591,0
5270,0
9162,0
2050,0
1498,0
4345,0
5444,0
5334,0
3547,0
224,0
8464,0
8732,0
1171,0
4568,1
637,0
8892,0
6446,0
5560,0
544,0
3562,0
957,0
4564,0
8976,0
5055,0
2632,0
7225,0
3829,0
9624,0
3233,0
8921,0
5504,0
947,0
6609,0
7211,0
5675,0
4389,1
3313,0
3896,0
3045,0
1805,0
8648,0
1015,0
7925,0
5263,1
6176,0
2448,0
2855,0
9310,0
3866,0
8349,0
7448,0
5593,0
4940,0
2823,0
1752,0
5278,0
1457,0
4121,0
7071,0
4854,0
6653,0
1694,0
6060,0
5706,0
5666,0
7638,0
6434,0
3133,0
5872,0
2697,0
3348,0
6222,0
7770,0
7367,1
4642,0
651,0
1539,0
8445,0
468,0
2363,0
7273,0
8121,0
9689,0
3721,0
8948,0
5490,0
1776,0
7802,1
8920,0
3447,0
7728,0
7411,0
7686,0
710,1
660,0
2638,0
8068,0
1232,1
5445,0
2568,0
3257,0
3992,0
6748,0
6472,0
1762,0
805,0
6605,0
1502,0
8130,0
5694,0
5841,0
3171,0
7304,0
51,0
373,1
6620,1
7313,0
8235,0
829,0
4847,0
8439,0
5613,0
504,0
8545,0
1084,1
7241,0
6633,0
6694,1
7911,0
355,0
3190,0
9381,1
2027,0
7597,0
374,0
2703,0
4269,0
5646,0
6096,0
2451,0
2234,0
7676,0
5151,0
1076,0
2037,0
9450,1
6919,0
498,1
6302,0
4349,0
2467,0
2352,0
6858,0
8328,0
8946,0
3912,0
4396,0
1413,0
7057,0
8846,0
5842,0
5850,0
3417,0
1923,0
3969,0
5391,1
8690,0
9447,0
4794,0
5085,0
1203,0
2297,0
5864,0
8274,0
2962,0
4526,0
2832,0
8052,0
1180,0
3879,0
7274,0
5577,0
8001,0
6876,0
5333,0
9669,0
53,0
5750,0
5342,0
7908,0
9434,0
8650,0
5496,0
2735,0
4751,0
6518,0
3493,0
7475,0
4256,0
3974,0
2460,0
8936,1
581,0
3082,0
3495,0
5394,0
5121,0
1999,0
5295,1
9662,0
6813,0
4803,1
648,0
8636,0
3006,0
4016,0
8891,0
5977,0
9294,0
3293,0
4216,0
9687,0
2926,0
1208,0
5546,0
5452,0
6264,0
6587,0
8119,0
3053,0
4831,0
9102,1
5529,0
4941,0
890,0
4184,0
2872,0
4487,0
3137,1
2401,0
1058,0
400,0
1825,0
2059,0
4767,0
7249,0
3890,0
3239,0
8600,1
8806,0
4760,0
3962,0
9373,0
4094,0
1157,0
5173,0
5365,0
9582,0
3748,1
5855,0
7795,0
4183,0
3467,0
3622,0
8871,0
1557,1
9188,0
6437,1
6819,0
7408,0
5376,0
4429,1
2326,0
2013,1
1253,0
8647,0
1834,0
2761,0
2208,0
7650,0
5065,0
6818,0
6517,0
5885,1
3833,0
4229,0
215,0
2969,0
2534,0
3336,0
29,0
8673,0
1836,0
719,1
2396,0
964,0
8402,0
6271,0
7230,0
5413,0
1031,0
6854,0
1981,0
6268,0
1028,0
3673,0
5424,0
3807,0
9305,0
5392,0
6752,0
3626,0
3446,0
6206,0
4963,0
8194,0
9486,0
8259,0
5113,0
7130,0
5156,0
6356,0
2172,0
6288,0
330,0
8634,0
8582,0
2538,1
452,0
3477,0
1821,0
4457,0
5910,0
1869,0
7871,0
1069,0
6505,0
827,0
5074,0
9372,0
5743,0
1442,0
409,0
2313,0
4906,0
5060,0
9223,0
5209,0
4162,0
7479,1
4907,1
4303,0
6226,0
4320,0
5331,0
5185,0
666,0
6822,1
795,0
2010,0
6311,0
1419,0
9448,0
7652,0
5192,0
2035,0
5875,0
2308,0
8289,0
856,0
5011,1
5126,0
1254,0
8218,0
5901,0
7540,0
4584,0
6086,0
8105,0
4381,0
3966,0
7861,0
4523,1
4077,0
4048,1
1955,0
4860,0
8678,1
4583,0
4419,0
3678,0
3343,0
8561,0
2006,0
5881,0
7965,0
5102,0
2804,0
9549,0
1847,1
6567,0
4103,0
6979,0
5758,0
7973,0
8605,0
1651,0
8404,0
5974,0
977,0
7490,0
1733,1
8881,0
8926,0
5308,0
1888,0
3751,0
6610,0
4051,1
3620,0
2092,0
6046,0
8384,0
8317,0
2824,0
3747,0
5550,0
2113,0
2011,0
1472,0
7576,0
7457,0
1561,0
5417,0
9658,0
3288,0
998,0
5634,1
2864,0
1230,1
5401,0
5768,0
1244,0
7177,0
3479,0
8196,0
3644,0
7575,0
683,0
7829,1
6797,0
3096,0
7834,0
4539,0
9095,0
4510,0
4317,0
2471,0
7614,0
320,1
6409,0
1473,0
2622,0
346,0
3340,0
3578,0
7280,0
5608,0
5043,1
9232,0
6440,0
7004,0
7603,0
2950,0
909,0
9394,0
7281,0
6811,0
6113,0
3055,0
7043,0
3168,0
8454,0
2949,0
3143,0
3918,0
5128,0
2726,0
2532,0
240,1
2253,0
5378,0
7386,0
7414,0
6879,0
8694,0
7326,0
2918,0
5680,0
41,1
3880,0
9488,0
6152,0
8797,0
4430,0
4952,0
8978,0
5843,0
375,0
4659,0
4488,0
7307,0
7254,0
3284,0
833,1
69,0
7672,0
7330,0
4814,0
7548,0
1714,0
4508,0
9056,1
1175,0
1029,0
6400,0
2091,0
5867,0
6496,1
8791,0
7451,0
340,0
8212,0
5212,0
6523,0
8172,0
3814,0
5259,0
5141,0
86,0
7982,1
707,0
1644,0
8166,0
94,0
7552,0
180,0
6729,0
1455,0
7055,0
1722,0
131,0
4988,0
8076,0
6951,0
8344,0
4081,0
7204,0
7264,0
2671,1
688,0
1549,0
1012,0
819,0
2382,0
7068,0
7930,0
2139,0
312,0
2390,0
5581,0
8209,0
6656,0
6639,0
8058,0
3856,0
5486,0
9612,0
2250,0
4575,0
1518,0
9034,0
5518,0
7717,1
3948,0
8723,0
1708,0
2455,0
7228,0
7187,0
2892,1
7708,1
7623,1
5730,0
986,0
883,0
626,0
6015,0
5555,0
8151,0
5929,0
4258,0
3975,0
2556,0
7532,0
6138,0
5088,0
9173,0
1612,1
2163,0
1585,0
2604,0
3519,0
2809,0
6452,0
5687,0
7710,0
3984,0
3098,0
5515,0
1721,0
4254,0
1045,0
879,0
6420,0
8504,0
8625,0
2258,0
7759,0
5032,0
4577,0
3610,0
2366,0
1099,1
9308,1
5186,0
6677,0
329,0
5970,0
2531,0
900,0
4745,0
8143,0
1461,0
7288,1
9670,0
7462,0
9429,0
8792,0
2492,0
8506,0
7035,0
8424,0
3516,0
3575,0
7810,0
3402,0
3704,0
2252,0
6058,0
6455,0
2064,0
1875,0
5717,0
1625,0
2760,0
5276,0
761,0
8831,0
1811,0
1993,0
1914,0
3033,0
1562,0
3074,1
2070,0
8291,0
7124,1
3009,1
9681,0
7086,0
4550,0
6177,0
3819,0
6370,0
8237,0
5691,0
9063,0
5858,0
5480,0
4218,0
2246,0
7758,0
7178,0
2207,0
1390,0
2956,0
2931,0
8945,0
9353,0
6528,0
6554,0
7625,0
8649,1
4105,0
3981,0
6754,0
6323,0
5747,0
9311,0
1276,0
6489,1
6897,1
6469,0
8721,0
9365,0
8066,0
6556,0
8032,0
6959,0
8827,1
4341,0
345,0
6481,0
2462,0
2477,0
4072,0
3822,0
5707,0
3655,0
3958,0
1775,0
6287,0
5364,0
1207,1
1474,0
8546,0
4962,0
3030,0
7491,0
5531,0
3242,0
6784,0
5039,0
6120,0
1414,0
8685,0
3214,0
441,0
8094,0
1136,0
6122,0
6332,0
511,0
2068,0
9374,0
5755,0
8667,1
9657,0
2181,0
4559,0
3455,0
2715,0
818,0
6634,0
4805,0
7971,0
7099,0
4802,0
6365,0
3089,0
1381,0
1487,0
7933,1
8101,0
1181,0
3844,0
1994,0
4549,0
171,0
3152,0
2306,0
6183,0
6071,0
9602,0
828,0
9356,1
3399,0
522,0
6734,0
7048,0
1554,0
8266,0
6635,0
1823,0
2874,0
2744,0
5033,0
9468,1
5619,0
8202,0
3925,0
6908,0
8731,0
9545,0
8126,0
6265,0
283,0
3166,0
1792,0
6931,1
7685,1
3255,0
5324,0
7406,0
273,0
7566,0
8854,0
3533,0
5302,0
5238,0
111,0
8700,0
5590,0
7420,1
7969,0
33,0
1889,0
6724,1
438,0
203,0
4293,1
3317,0
2692,0
4383,0
4182,0
824,1
9179,0
7807,0
2898,0
991,0
3003,0
7604,0
2691,0
6815,0
3120,0
6803,0
3306,0
3383,0
3765,0
2664,0
2580,0
1959,0
1016,0
1467,0
1940,0
213,0
5322,1
182,0
4139,0
6041,0
5536,0
7729,0
752,0
7864,0
1449,0
6534,0
2453,0
8753,1
8886,0
4116,0
3384,1
7352,0
5967,0
704,0
1786,0
2224,0
1876,0
929,0
9038,0
9400,0
5415,0
3583,1
9091,0
4379,0
7887,0
606,0
5902,0
8852,0
7784,0
1007,0
1020,0
430,1
2885,0
5828,0
1295,0
362,0
9643,0
3782,0
4179,0
6465,0
3151,0
9439,0
52,0
3331,0
1350,0
7627,0
3940,0
5690,0
802,0
9399,0
4294,0
1668,0
1697,0
8703,0
5785,0
790,0
321,0
4480,0
4540,0
8199,1
6221,1
5400,0
4370,0
121,0
6531,0
1215,0
6693,0
1417,0
5171,0
4635,0
9445,0
4930,0
1531,0
6493,0
8909,0
323,0
903,0
5077,0
5338,0
8150,0
8020,0
8930,1
461,0
7207,1
6318,0
8167,0
3235,0
7991,0
6759,0
7926,0
351,0
1226,0
4504,0
8778,0
3972,0
2987,0
7680,0
6023,0
5601,0
3826,0
8220,0
5636,0
8749,0
568,1
1370,0
3698,0
4134,1
4409,0
6525,0
8041,0
3031,0
5441,0
8883,0
8221,0
2083,0
8704,0
1348,0
9322,0
5915,0
378,0
6069,0
8691,0
8215,1
9022,0
8971,0
3648,0
7375,0
1062,0
2914,1
4278,0
1744,0
5623,0
4450,0
7181,0
7419,0
4494,0
9701,0
4738,0
7897,0
9568,0
5699,0
9148,0
4049,0
6648,0
6381,0
4079,0
2867,0
266,0
1767,0
7790,0
1838,0
8307,0
852,0
2937,0
6764,0
4889,0
4022,0
8645,0
2346,0
1856,0
2423,0
5818,0
7303,0
9444,0
630,0
4000,0
4422,0
2351,0
6626,0
8918,0
9129,0
6622,0
3870,0
5781,0
5224,0
7879,0
8290,0
9234,0
5027,0
5738,0
2714,0
1193,0
4942,0
4374,0
6055,0
810,0
3768,1
2191,0
5604,0
966,0
705,0
6804,0
5652,0
300,0
1184,0
3759,0
4835,0
6838,0
787,0
3978,0
960,0
2728,0
4402,0
894,0
4437,0
2955,0
1441,0
5632,0
3892,0
5580,0
8451,0
6865,1
8573,0
6225,0
7826,0
6514,0
8160,0
2036,0
6074,0
6266,0
7656,0
8106,0
8381,1
4042,0
5269,0
729,0
1403,0
7459,0
2501,0
866,0
5286,0
8672,0
935,0
8684,0
6406,0
5325,0
4897,0
3834,1
6698,0
7825,0
4869,0
5048,0
906,0
6900,1
2020,0
6670,0
8679,1
4857,1
4459,0
7626,0
1553,0
2014,0
7530,0
908,0
7388,0
5677,0
3024,0
2204,0
7527,0
6859,0
9565,0
8856,0
4132,0
24,0
7722,0
4527,0
7314,0
2518,0
4343,0
4138,0
743,0
48,0
1387,0
3043,0
8278,0
1841,0
7561,0
7899,0
6361,0
3754,0
4855,0
2607,0
3753,0
7732,0
4780,0
2888,0
8051,0
7286,0
7399,0
4997,0
3551,0
6689,0
2221,0
1527,0
3986,0
6702,0
5693,0
1371,0
611,1
6007,0
7545,0
3898,0
6615,0
5969,0
3513,0
7794,0
6939,0
4404,0
3224,0
8553,1
8604,0
4432,0
4905,0
353,0
7337,0
387,1
1083,0
604,0
6444,0
3650,0
4750,0
3919,1
2866,0
3004,1
7538,0
8173,0
2905,0
7208,0
7488,0
2565,0
1864,0
1535,0
6123,0
1860,0
4713,0
8104,0
6911,0
6920,0
9352,0
3105,0
5264,0
8815,0
8073,0
7531,0
5318,0
3719,0
6543,0
5371,0
5563,0
1865,0
1311,0
873,0
7113,0
2779,0
6006,0
9490,0
4594,0
6028,0
2270,0
7536,0
2301,0
6918,0
8529,0
9679,0
546,0
5260,1
2863,0
7520,0
5410,0
9588,0
8623,0
2345,1
9351,0
5159,0
1565,0
9493,0
7203,0
4242,0
5499,0
8525,1
8981,0
6538,0
6980,0
4342,1
7932,0
2770,0
1213,0
3868,0
4736,0
2847,0
6851,0
305,0
3794,0
4509,0
392,0
3287,0
3744,0
8351,0
8631,0
9572,0
1517,0
7553,0
5335,0
6373,0
5226,0
1342,0
7017,0
7815,0
8606,0
9067,0
1365,0
6217,0
2507,0
9187,1
3664,0
4135,0
6880,0
9131,0
6812,0
2493,0
3345,0
5131,0
3175,0
9336,0
9575,0
6699,0
5716,1
7139,0
4859,0
7812,0
4114,0
4893,0
6513,0
3035,0
7013,0
5323,0
4951,0
590,0
3667,0
9324,1
8535,0
6682,1
5695,0
8764,0
2709,0
1431,0
3985,1
7453,0
8695,0
5954,0
5483,0
8382,0
658,0
2994,0
4829,0
1492,0
3723,1
5395,0
9690,0
6539,0
3546,0
982,1
4757,0
4542,0
2595,0
2476,0
1913,0
6052,0
3181,1
8675,0
8901,0
5789,0
1096,1
58,0
8047,0
722,0
2129,0
1234,0
610,0
8560,0
5360,0
3091,0
3028,0
2114,0
465,0
8860,1
3128,0
10,0
4709,0
7579,0
9267,1
8415,0
1115,0
9553,0
1973,0
4771,0
8277,0
3062,0
7354,0
1048,0
2137,0
2016,0
6043,0
9555,0
5584,0
3247,0
379,1
1526,0
7365,0
3458,0
1745,0
9298,0
5181,0
3039,0
2990,0
7505,1
1810,0
421,0
3800,0
132,0
5959,0
446,1
2088,0
8966,0
5068,0
6642,0
2302,0
5930,0
8907,1
2164,0
6652,0
4623,0
5579,0
596,0
1560,0
267,0
4394,0
9577,0
3823,0
5945,0
9529,0
5137,0
5227,0
2799,0
8184,0
7705,0
1142,0
4186,0
5237,0
5926,0
1693,0
1908,0
6914,0
1784,0
2124,0
6624,0
3111,0
9548,0
7009,0
3951,1
9558,0
3848,0
812,0
6586,0
6874,0
8899,0
6507,0
1861,0
6515,0
6064,0
7474,0
5315,0
7904,0
1324,0
3459,0
7393,0
7984,1
1640,0
6468,0
16,0
7447,0
8079,0
8280,0
3908,0
2965,0
5119,1
4099,0
164,0
6599,0
1310,0
5120,0
2893,0
8980,0
5916,0
7769,0
7272,0
1389,0
5469,0
3173,0
9435,0
3797,0
6707,0
1164,0
8097,0
647,1
9146,1
2446,0
2259,0
588,0
6678,0
1575,0
9250,0
6133,0
1512,1
1665,0
2705,1
4273,0
2960,0
6618,0
7317,0
8857,0
425,0
6256,0
1366,0
7915,1
6655,0
432,0
201,0
3548,0
5578,0
8129,0
6612,0
4990,1
8583,0
3302,1
5251,0
3967,0
3280,0
4722,0
3462,0
7859,0
1754,0
6632,0
1842,0
8372,1
6793,0
8304,0
1597,0
4308,0
1954,0
9518,0
6378,0
9702,0
9698,0
5021,0
1394,0
9184,0
9391,0
5654,0
8509,0
2897,0
459,0
7593,1
6488,0
5532,0
6808,0
1587,1
9291,0
6464,0
9292,0
5285,0
3538,0
2833,0
5,0
913,0
4739,1
8855,1
4445,0
3679,0
2017,0
7665,0
9416,0
3509,0
6158,0
8840,0
7907,0
8653,1
7721,1
3390,0
7840,0
3934,0
7104,0
3553,0
3864,0
4351,0
480,0
1285,1
5558,0
5922,0
3222,0
3422,0
1803,1
6347,0
8233,0
3130,0
645,0
8395,0
7923,0
7229,0
173,0
4547,0
7740,0
9424,0
7332,0
2792,1
6382,0
4747,0
8137,0
7219,0
6190,0
6299,0
8205,0
7160,0
3139,0
8975,0
42,0
789,0
2868,0
7133,0
8234,0
9430,0
3750,0
8301,0
9154,0
4117,0
9536,1
6558,1
7109,0
3939,0
6719,0
7298,0
1017,0
9508,0
2870,0
6597,0
6687,0
7098,0
5813,0
8751,1
422,0
2796,0
7506,0
6758,0
548,0
4917,0
2174,0
2811,0
9060,0
653,0
4425,0
4517,0
6869,0
754,0
9668,0
3799,0
166,0
4596,0
6704,0
7616,0
4764,0
9425,1
7752,0
5708,0
7499,0
2813,0
6383,0
1151,0
1129,0
3361,0
8183,0
2535,0
7430,1
1025,0
7791,0
1189,0
7322,0
5944,0
5081,0
3204,0
1579,0
1688,0
7521,0
7031,0
3784,0
682,0
1469,0
9593,0
13,0
7808,0
1616,0
3346,1
6576,0
8149,1
2758,0
2437,0
8040,0
530,0
9254,0
2525,0
4380,0
809,0
6033,1
6934,0
5129,0
2766,0
2276,0
904,1
63,0
4989,0
8762,0
5472,0
6705,0
7217,0
2034,0
8223,0
2861,0
3121,0
2765,0
4441,0
6433,1
4249,0
2551,0
8822,0
5935,0
543,0
4385,0
6263,0
8829,0
724,0
5667,0
4449,0
8959,0
4357,0
9708,0
7511,0
1948,0
4903,0
5409,0
6244,0
8747,0
6259,0
7955,0
8718,0
839,0
2057,0
6703,0
7595,0
7953,0
3502,0
6960,0
6961,0
8228,0
6747,0
8465,0
844,0
8628,0
4863,0
1584,0
1134,0
4752,0
6679,0
4101,0
7184,0
6891,0
4005,0
9389,0
1643,0
4393,0
2816,0
219,0
5621,0
5715,0
2361,0
8394,0
7343,0
9070,0
4034,0
326,0
368,1
9301,0
2933,0
2740,0
3218,0
6594,0
1727,0
8222,0
9455,0
2593,1
9221,0
8265,0
5183,0
6463,0
47,0
6946,0
7767,0
3654,0
6674,0
4883,0
1591,0
3226,0
1153,1
7047,0
9459,1
8322,0
176,0
2495,0
390,0
9462,0
5896,0
8153,0
3749,0
8249,0
3480,0
3727,0
8974,0
9386,0
1712,0
7941,0
8760,0
2909,0
1379,0
6235,0
92,1
7362,0
996,1
1769,0
4518,0
4954,0
1277,0
3645,0
2645,0
6502,1
2815,1
9636,0
3916,0
3889,0
3746,0
1782,0
7163,0
7158,0
3056,1
4286,0
1621,0
139,0
282,0
953,0
3914,0
9208,0
2587,0
6606,0
8967,0
6953,0
1356,0
9451,0
6994,0
4639,0
1357,1
3040,0
6114,0
3064,0
549,1
5306,0
7765,0
7776,0
6833,0
9169,1
5236,0
930,0
3309,0
9534,0
8801,0
5150,0
3702,0
4478,0
2434,0
3838,0
5936,0
8609,0
7172,0
6848,0
512,0
440,1
5763,0
4238,0
4731,0
492,0
6358,0
2130,0
3093,0
7059,0
8459,0
9287,0
4590,1
2964,0
4810,0
9574,0
9098,0
7594,0
8136,0
3736,1
152,0
2340,1
9406,1
7401,1
5786,0
317,0
4359,0
8774,1
189,0
9121,0
1219,0
9325,0
7582,0
4145,0
8593,0
5473,0
1548,0
8141,0
6153,0
2682,1
2557,0
6985,0
5807,0
2805,0
1634,0
1163,0
9072,0
5281,0
7839,0
7458,0
3282,1
6460,0
990,0
414,0
4373,0
4947,0
1353,0
5895,0
7442,0
5770,0
7660,0
2440,0
7504,1
5551,0
2260,0
2356,0
2677,0
4297,0
8193,0
9638,0
4715,0
4915,0
7760,0
2338,1
332,0
4920,0
9350,0
5305,0
8467,0
7709,0
7372,0
8598,0
4313,0
9463,0
7502,0
5225,0
3,0
9511,0
8181,0
7391,0
7306,0
2099,0
965,0
5965,0
3895,0
5851,0
9051,0
2190,0
8841,0
2062,0
8148,0
6272,0
7785,0
9531,0
4360,0
9420,0
4315,0
5594,0
8339,0
2358,0
3087,0
1696,0
8311,0
8389,0
2417,0
7074,0
5284,0
2411,0
7882,0
554,0
6553,0
6142,0
5230,0
7234,1
8803,0
4665,0
4086,0
1953,0
2566,0
618,0
6119,1
3774,0
1849,0
3584,0
7318,1
4017,0
8654,0
9252,0
8390,0
1086,1
4209,0
6456,0
7287,0
5985,0
2196,0
4227,0
1509,0
727,0
9333,0
8325,0
6825,0
7986,0
9041,0
7088,0
8557,0
7806,0
93,0
6020,0
650,0
5595,0
5069,0
730,0
6329,0
5062,1
7804,1
7848,0
367,0
2240,0
2148,0
6161,0
8055,0
5927,1
2559,0
9160,0
2636,0
9029,0
8722,0
8924,0
6800,0
4543,0
5193,0
5609,0
4446,0
256,1
1369,0
6692,0
5766,0
6110,0
4697,0
7977,0
7257,0
1529,0
6312,0
5731,1
8566,0
5073,0
2287,0
4348,0
8698,0
6269,0
1850,0
4816,0
7981,0
9614,0
5942,0
336,1
3426,0
3252,0
1367,0
2716,0
4255,0
2470,0
4569,0
357,0
2447,0
6304,0
120,0
8035,0
6723,1
2239,0
2704,0
3505,0
1006,0
7704,0
3156,0
7725,1
6012,0
2797,1
1969,0
2679,0
3076,0
7132,0
137,0
1268,0
156,0
76,0
3017,0
1581,0
467,0
3734,0
8513,0
7589,0
8750,0
1558,0
6948,0
4259,0
893,0
7037,0
9676,0
4712,0
9503,0
1655,0
5795,0
1845,0
8366,0
6727,0
8817,0
7150,0
668,0
7062,0
5127,0
2547,1
8142,0
183,0
1294,1
5633,0
7707,0
66,0
7198,0
5450,0
1631,0
8483,0
5217,0
3999,0
6223,0
2928,0
5727,0
62,0
3496,0
807,0
784,0
4691,0
1713,0
2386,0
3114,1
1794,0
2179,0
7361,0
8993,0
6036,0
690,0
5803,0
8644,0
1843,0
3769,0
5498,0
8935,0
3352,0
3441,0
3715,0
9367,0
2169,0
1212,1
5049,0
1791,0
2317,1
126,0
4275,0
8578,0
1398,0
8607,1
9513,0
9458,0
5484,0
2530,0
706,0
84,0
7454,0
8309,1
8956,0
2153,0
7383,0
8986,0
4555,0
861,0
269,0
1391,0
8888,0
4718,0
6474,0
4669,0
7046,0
1066,0
7950,0
5494,0
18,0
1897,0
6903,0
3701,0
9474,0
6791,1
2150,0
6241,0
9613,0
6809,0
4647,0
3164,0
8333,0
5998,0
9244,0
2537,0
8500,0
854,0
2421,0
9673,0
7821,0
3125,0
2751,0
5866,0
1258,0
1316,0
1211,0
9453,0
4716,0
6162,0
4356,0
7733,0
2408,0
7862,0
3638,0
3845,0
5684,0
2154,0
8596,1
5020,0
593,0
4328,1
622,0
880,1
8911,0
4160,0
3227,0
9606,0
1619,0
5778,0
8688,0
7127,0
9117,0
7265,0
6345,0
3670,1
8771,0
5535,1
5332,0
7364,0
6386,0
938,0
7021,0
8543,0
4363,0
436,0
4470,0
3714,0
6079,0
5354,0
591,0
2231,0
3261,1
3932,0
3330,0
5005,0
2033,1
3209,0
5034,0
7903,0
905,0
7875,0
4469,0
9262,0
6882,0
7976,0
8612,1
3392,0
3387,0
6127,0
4261,0
1004,0
2442,0
563,0
1804,0
8882,0
339,0
7948,1
9326,0
9119,0
6091,1
6062,0
6242,0
9215,0
980,0
7581,0
73,0
6461,0
5892,0
9238,0
3469,0
5040,0
8192,1
7244,1
9283,0
5408,0
7174,0
4843,0
3841,0
785,0
6715,0
4621,0
5554,0
6118,0
1454,0
2729,0
7541,0
2921,0
8591,0
4593,0
9521,0
9594,0
7284,0
3683,0
8090,0
9498,0
9183,0
5300,0
4641,0
5200,1
272,0
7522,0
5697,0
4456,0
1960,0
9388,1
1678,0
2852,0
5495,0
2110,0
762,0
4818,0
2109,0
2648,0
9604,0
2935,0
1503,1
6083,0
6390,0
4519,0
7110,0
7200,0
9551,1
7493,0
4310,0
8271,0
3431,0
6519,0
7154,0
5166,0
6521,0
4119,0
7428,1
8124,0
3365,1
4981,0
851,0
7878,0
9320,0
181,0
2238,0
1246,0
1669,0
1563,0
1730,0
4800,0
5109,0
1976,0
8253,0
7846,0
776,0
3150,0
1972,0
8048,0
1106,1
349,0
4156,0
4270,1
6969,0
7989,0
2198,0
5448,0
7041,0
6106,0
5924,0
5721,0
9393,0
6745,0
19,0
7497,0
3573,0
194,0
6391,0
2188,0
5992,0
735,0
907,0
8637,0
5835,0
2498,0
3827,0
2203,0
1376,1
2300,0
9065,0
8472,0
5545,0
5514,0
8110,1
6343,0
9277,0
2350,0
1785,0
3046,0
3810,0
9074,0
8015,0
2526,0
3327,0
7856,0
585,0
429,0
6148,0
1605,0
5046,1
3270,0
7525,0
9258,0
1334,0
8807,0
607,0
5659,0
7226,0
1130,0
2316,0
2925,0
5751,0
4755,1
5038,0
1679,0
3397,0
2991,0
1511,0
8905,0
2536,0
3083,0
8250,0
5149,0
6349,0
7682,0
381,0
1867,0
3603,0
3217,0
5188,1
5078,0
6725,0
8588,0
4653,0
7201,0
3950,0
2966,0
1793,0
7694,0
1158,0
4612,0
1906,0
1001,0
5428,0
1787,0
6270,0
3102,0
167,0
4726,0
1590,0
2427,0
9487,0
3476,0
8968,0
7171,0
4737,0
5951,0
9454,0
4556,0
7168,0
4300,0
2738,0
8979,0
5914,0
4766,0
3129,0
8923,0
7240,0
2084,0
8813,0
417,1
9496,0
531,0
4633,0
2920,0
5280,0
388,0
7727,0
5098,0
4002,0
4808,1
7040,0
2916,0
6506,0
7360,0
2334,0
9543,0
2145,0
1983,0
2000,0
1884,0
8236,0
7369,0
8938,0
5688,0
7338,0
7559,0
9385,0
8866,0
1664,0
4407,0
2067,0
6522,0
8539,0
1582,0
2772,0
8478,0
4538,0
5934,0
2478,0
538,1
9345,0
7368,0
8611,0
987,0
717,0
6547,0
9085,0
6173,1
1706,0
8682,0
7022,0
4474,0
3623,0
3693,0
2483,0
2731,1
6845,0
6317,0
9656,0
8492,0
451,0
4174,0
1556,0
2503,0
7444,0
3711,0
1649,0
8176,0
2003,0
4157,0
9046,0
380,1
6516,0
8977,0
8696,0
5271,0
144,0
5369,0
595,0
122,0
5948,0
1586,1
4076,0
2849,0
6596,0
7346,0
5157,0
3394,0
8437,0
1932,0
8067,0
443,0
6636,0
8900,0
3812,0
1434,0
8943,1
2522,1
2573,0
6789,0
7890,0
7516,0
8997,0
1107,0
4495,0
972,0
5218,0
5368,0
9563,0
5534,0
1270,1
4321,0
3674,0
8766,0
1789,0
3044,0
1026,0
9088,0
7577,0
8021,0
878,1
4644,0
6395,1
8485,0
8388,0
5989,0
3411,0
2517,0
4812,1
5059,0
5754,0
3238,0
9228,0
1778,0
2218,1
7258,0
3891,1
5347,0
2002,1
7778,0
8242,0
4136,0
738,1
4334,0
20,0
6728,1
7845,0
7492,0
4083,0
6904,0
4043,0
4417,0
3965,0
638,0
3142,0
671,0
6059,0
7363,0
8469,0
7636,0
5153,0
202,0
9586,0
6871,0
5118,0
3063,0
3854,0
8994,0
1817,0
1113,0
2249,0
7837,0
3859,0
205,0
7259,0
1871,0
6912,1
5256,0
1968,0
3124,0
8697,0
5228,0
8484,0
4220,0
87,0
2026,0
9103,0
5489,0
9354,0
4561,0
7137,0
7370,0
1938,0
5133,0
7410,0
318,1
7058,0
2189,1
3671,0
23,0
4562,0
5070,0
9477,0
8939,0
9603,0
8845,0
6940,0
5620,0
8659,0
9323,0
5155,0
673,1
1089,0
7216,0
8912,0
2982,0
5552,0
6608,0
2233,0
5826,0
2643,0
5374,0
4768,1
5352,0
7644,1
6571,0
299,0
4969,0
3865,0
1138,0
7494,0
3811,0
304,0
4053,0
2315,0
9222,0
9271,1
3443,0
5353,0
5197,0
831,0
1504,0
5519,0
8972,0
3795,1
5997,0
6604,0
2821,0
7271,0
7647,0
2143,0
4654,0
8863,0
8004,0
6666,0
8275,0
6394,0
6233,0
1525,0
1922,0
5351,0
1339,0
2186,0
3630,0
5744,1
6418,0
3482,0
78,0
8248,0
8776,0
3118,1
6681,0
1530,0
2683,0
1887,0
3524,0
1272,0
6770,0
7210,0
2211,0
7544,0
5115,0
5760,0
9219,0
9032,0
7753,0
8098,0
6022,0
8677,1
6442,1
7668,0
9024,0
279,0
7111,1
6000,0
1533,0
5007,0
9263,1
9052,0
4804,0
5406,0
8709,0
8744,1
5548,0
967,0
845,0
7007,0
8164,0
9130,1
8615,1
4727,0
2077,0
9675,0
8983,0
7294,0
8564,1
6660,0
2419,0
792,1
1630,0
6937,0
4763,0
358,0
3148,0
3608,0
3213,0
7997,0
7946,0
6159,1
7748,0
592,0
8825,0
5348,0
1674,0
1998,0
1905,0
3457,1
5862,0
5172,0
4567,0
9491,0
9343,0
3163,0
2834,0
3305,1
7223,0
9471,0
4155,0
8576,0
6792,0
4128,0
6156,0
4813,0
5320,0
151,0
7473,0
4187,0
268,0
1687,0
1622,0
5791,0
6884,0
6691,0
6826,0
3857,0
1359,0
5122,0
8853,0
9363,0
8448,0
3338,0
9190,0
8835,0
3292,0
7129,0
3732,0
5956,0
6102,0
3778,0
633,1
4046,0
2902,0
6996,0
9003,0
1507,0
5359,0
4636,1
5208,0
7054,0
9547,0
749,1
9426,1
8568,0
1795,0
3552,0
7768,0
6085,0
6659,1
1963,1
313,0
6870,1
8418,0
5913,0
4936,0
7695,1
7253,1
5136,0
5638,0
1701,0
8316,1
9590,0
734,0
7483,0
197,0
2171,0
4849,0
9564,0
5339,0
9666,0
713,0
6196,1
7000,0
5082,0
4992,0
3897,0
5370,1
2310,0
4403,0
5739,0
245,0
7496,0
4955,0
4886,0
8358,0
7849,0
2500,0
9288,0
2667,0
3684,0
7455,0
5379,0
1448,0
1748,0
1303,0
1899,0
6572,0
9523,0
1412,1
6441,0
8789,0
2496,0
1578,0
5567,0
3021,0
8411,0
1109,0
6927,0
1650,0
7309,0
1248,0
1249,0
1281,0
2540,0
8102,0
1191,0
1306,0
1835,0
363,1
199,0
4289,0
5893,0
9607,0
5465,1
9560,0
402,0
8773,0
5426,0
8683,1
5095,0
6722,0
603,1
6407,0
1771,0
4312,1
7801,0
3804,0
2871,0
8178,0
2384,0
35,0
3025,0
8171,0
6396,0
1781,0
3440,0
5479,0
4210,0
3328,0
8115,0
6121,0
3256,0
4630,0
2767,0
2952,0
9296,0
4311,0
4973,0
3739,0
2862,0
9062,0
2292,0
1388,0
3665,1
1375,0
5462,0
8443,0
5575,0
290,0
7235,0
7570,0
9005,0
8955,0
350,1
2166,0
8168,0
7464,0
8082,0
9071,1
8819,0
1186,0
8341,0
6816,0
3254,0
6081,0
9626,0
6853,1
5500,0
5144,1
7863,0
4890,0
6964,0
8894,1
944,1
6917,0
5898,0
6034,0
663,0
1051,0
3567,0
4537,0
27,0
3900,0
2383,0
3243,0
1118,0
9300,1
4734,0
7851,0
3504,0
5487,0
874,0
3097,0
5644,0
7409,0
2954,0
4212,0
3454,0
2529,1
4677,0
4257,0
2004,0
1476,0
9482,0
5583,0
499,0
3662,1
5289,0
3487,0
8475,0
2047,0
1524,1
9006,0
1599,0
6669,0
5725,0
6388,0
1949,0
6731,0
1241,0
8858,0
1480,0
7880,0
3642,0
9265,0
2838,0
491,0
6253,0
2782,0
4806,0
3849,0
9533,0
9237,0
635,0
8213,0
7735,0
8191,0
4570,0
8070,0
9224,0
2983,0
3976,0
9101,0
8520,0
5639,0
8662,1
3767,0
884,0
5556,0
1883,0
3672,0
4092,0
4082,0
2788,0
3052,0
9008,0
5501,0
4074,1
525,0
5094,0
7979,0
7347,0
8740,0
9312,0
3379,0
7610,0
170,1
5939,0
1746,0
3621,0
8814,0
7669,0
4362,0
4505,0
3523,0
3488,0
7224,0
7817,0
4340,0
4791,1
8008,0
2122,0
8116,0
1642,0
5377,0
4431,0
1290,0
8147,0
5733,0
1567,0
8715,0
7482,0
3905,1
4864,0
7405,0
2826,0
4756,0
4934,0
4147,0
222,0
4263,0
369,0
6623,0
6925,0
9206,1
5296,0
6031,0
7316,1
5801,0
6470,0
8327,0
5455,0
1481,0
1471,0
9627,0
160,0
4125,0
1833,0
7087,0
7465,0
8552,0
1844,0
4664,0
7358,0
9481,0
2757,0
5383,1
2307,1
1588,0
8089,1
6218,0
6180,1
4921,0
4656,0
842,0
6898,0
1120,0
7398,1
7523,0
4176,0
681,0
7766,1
4202,0
7780,0
7565,1
9546,0
6936,0
4292,1
5588,0
3676,0
3197,0
9068,0
8062,0
6783,0
5683,0
4355,0
445,0
4025,0
4026,1
4501,0
4985,0
8915,0
2839,1
3935,0
8885,0
9653,0
8941,0
5283,0
2274,1
9140,0
6100,0
6092,0
4896,0
5812,0
2865,0
2135,0
4056,0
2436,0
8799,0
4118,1
1030,0
1566,0
1409,0
1541,1
4926,0
7014,0
8245,0
2552,0
625,0
294,0
9629,0
2444,0
3225,0
2911,0
4827,1
4061,0
620,0
5373,0
8061,0
9528,0
3953,0
7285,0
5258,0
4782,0
8409,1
7750,0
8984,0
8823,0
9589,0
6696,0
6490,0
7323,0
8838,1
1133,0
614,1
6743,0
9126,0
2848,0
4580,0
106,0
2794,1
5301,0
1710,0
4761,1
8018,0
60,1
255,1
8441,0
7896,1
2944,0
2650,1
1194,0
6027,0
9105,0
8308,0
841,0
6101,0
1039,0
508,0
5104,0
6014,0
7396,0
8597,0
8263,0
4113,0
2605,0
5525,1
7407,0
4130,0
2371,0
7275,0
2121,0
2746,0
9611,0
7477,0
3452,0
55,0
1460,0
6067,0
9625,0
5147,0
3653,0
3777,0
657,0
250,0
7585,0
7503,0
6486,0
6595,0
6755,0
3323,0
2118,0
1931,0
5938,0
7940,0
6294,0
8526,0
8754,0
1314,0
8318,0
5168,0
2723,0
5010,1
4991,0
7028,0
1344,0
5252,0
5971,0
3792,1
2993,0
5412,0
8039,0
9634,0
7689,0
2214,0
3931,0
933,1
9216,0
5705,0
1927,0
8260,0
5453,0
3666,0
7034,0
1485,0
7667,0
4619,0
1137,0
4607,0
8397,0
9245,0
1326,0
4420,0
8096,1
7387,0
6005,0
2324,0
2349,0
8477,0
2976,0
1977,0
3699,0
7592,0
6942,0
2042,0
1368,0
3341,0
9405,0
4565,0
7819,0
6136,0
1618,0
2577,0
7460,0
1199,0
8135,1
2173,0
1799,0
6881,0
3539,0
5984,0
3596,0
6462,0
794,0
3185,0
2508,0
4888,0
495,1
6709,0
5925,0
2082,1
217,0
766,0
9700,0
2878,1
3904,0
9654,0
2514,0
889,1
1275,0
8320,0
6974,0
9295,0
6829,0
2654,0
5819,0
5460,0
5815,0
6738,0
1878,0
487,0
7424,0
5722,0
1452,0
3115,0
6617,0
8,0
3267,0
9009,0
4974,0
8570,0
4617,0
4724,0
9153,0
3783,0
3787,0
6957,0
7569,0
3070,0
1852,0
4377,0
6185,0
4428,1
7310,0
7741,1
3731,0
2930,0
8398,0
4871,0
5530,0
1950,0
1658,0
4372,0
6909,0
5741,0
9089,0
6684,0
1537,0
6416,0
5651,0
4793,0
3212,0
501,1
9495,0
3646,0
8757,0
6962,0
5884,0
7106,1
4401,1
7643,0
7390,0
8692,0
6273,0
709,0
6730,0
7251,0
4679,0
3036,0
5446,1
6982,0
6862,0
8383,0
1907,0
6831,0
8373,1
2475,0
2755,0
5024,0
1355,0
4071,0
3617,0
7340,0
6476,1
404,1
1772,0
6252,0
5662,1
6810,0
7027,0
2290,0
865,0
2474,1
2480,0
9127,0
129,1
4112,0
985,0
3805,0
5053,0
1009,0
1705,0
2548,0
1149,0
634,0
2594,1
2136,1
3113,0
5656,0
6151,1
158,0
6115,0
2943,0
8798,0
9449,0
6088,1
5195,0
7637,0
3318,0
3970,0
9541,1
8091,0
7085,1
2264,0
2227,0
3789,0
1671,0
9139,0
5009,0
7746,0
2668,0
2977,0
6431,0
2818,0
5254,1
1425,0
7194,0
4624,0
747,0
4788,1
6398,0
2031,1
3780,0
3613,0
3119,0
4529,0
466,1
9537,0
8947,0
6425,0
4059,1
449,0
3196,1
517,0
3304,0
5700,0
389,0
4098,0
2520,0
2341,0
2486,0
4931,0
5457,0
4534,0
8537,0
3696,1
1726,0
6600,0
3560,0
4122,0
5848,0
2127,1
5328,0
8461,0
7619,0
3700,0
3987,0
5314,0
2355,0
9050,0
7443,0
3180,0
9075,0
9587,0
1568,0
2533,0
7557,0
56,0
7262,0
7931,0
7703,0
2896,0
8251,0
8377,0
4358,1
6580,0
5211,0
808,0
3558,0
1882,0
3201,0
6537,0
8111,0
5625,0
178,0
2397,0
9241,0
8580,0
1974,0
8532,1
3193,0
3738,0
6335,0
5041,0
5840,0
4486,0
3075,1
5162,0
757,0
770,0
7120,0
6438,1
8298,0
5253,0
7939,0
8990,0
5606,0
7914,0
9211,0
7045,0
7412,0
2599,0
3568,0
579,0
3877,0
2497,1
1465,0
1401,0
2602,0
3184,0
3489,0
6447,0
4683,0
2945,0
7978,0
4910,0
1738,0
8934,0
5433,0
2243,0
9202,0
5771,0
3320,0
7242,0
1866,1
925,0
8621,0
2713,0
6671,0
6739,0
7282,0
6872,0
1309,0
8352,0
347,0
2968,1
910,0
759,0
4149,0
9397,0
140,0
497,0
1921,0
6309,0
411,0
6257,0
3325,0
6901,0
7445,0
3755,1
434,0
6175,0
2380,0
3412,0
228,0
9229,0
3221,0
3605,0
6010,0
334,0
3263,0
6308,0
1101,0
1065,1
1131,0
6732,0
5937,1
1313,0
253,0
9632,0
4344,1
1364,0
9417,0
116,0
742,0
9189,0
7586,0
9410,0
7300,0
5030,0
1662,1
817,0
3095,0
4588,0
7951,0
7751,1
1928,1
4375,0
1638,0
6542,0
9596,0
5994,0
1900,0
5393,1
2561,0
395,0
9124,0
8746,0
5732,0
2407,0
7103,0
1709,0
2420,0
8514,0
7384,0
9457,0
7215,0
9099,0
2718,0
7872,0
8777,1
7418,0
1699,0
4384,0
8211,0
9191,0
3034,0
8442,0
6283,0
5919,0
2296,0
9030,0
4836,0
832,0
3355,0
431,0
7678,0
3921,0
3785,0
3616,0
5784,0
5423,0
5019,0
54,0
5553,0
2681,0
2791,0
8594,0
3297,0
9608,0
4708,0
7179,0
9142,0
1550,0
8876,0
711,0
5540,0
2851,0
3779,0
6298,0
5124,0
3188,1
9178,0
9141,0
3893,0
2828,0
1377,1
609,0
1427,0
474,0
1491,0
3149,0
188,0
1010,0
4541,0
9383,0
9064,0
8494,1
3109,0
5827,0
8387,0
9280,0
1296,0
7433,0
8138,0
1666,0
4350,0
1056,0
1702,0
1483,0
2803,0
6847,0
7599,0
5870,0
2222,0
9092,0
1340,1
5735,0
7302,0
7629,0
3996,0
4837,0
6401,0
912,1
6614,0
8440,0
3640,0
5814,0
9525,0
3760,0
7135,0
853,0
9194,0
3060,0
2087,0
3182,0
1574,0
6220,0
665,1
6589,0
6450,1
1607,0
670,0
9431,0
1680,0
1259,1
1223,0
281,1
4298,0
4024,0
811,0
7792,0
4502,0
6149,1
1779,0
8262,0
2929,0
7952,0
4319,0
427,0
9694,0
9285,0
3781,0
2381,0
2923,0
7584,0
7874,0
3968,0
1886,0
6683,0
6211,0
5599,0
2700,0
6820,0
1894,0
3661,0
2177,0
6578,0
3231,0
2184,0
9452,0
5235,0
753,0
2425,0
5734,0
2721,0
3486,0
9125,0
9615,0
6801,0
2608,0
3528,0
416,0
9441,1
3260,0
8281,0
7612,0
470,0
6863,0
5346,0
3047,0
7554,0
4698,0
5582,0
4440,0
2194,0
7371,0
7889,0
4170,0
2795,0
4003,0
8229,0
8595,0
406,0
6011,0
70,0
2466,0
8239,0
1788,0
6889,0
6095,0
1287,1
1670,0
6768,0
5674,0
6688,0
5345,0
405,0
127,0
799,0
2678,0
1737,0
2415,0
455,1
942,0
8462,0
9004,0
1053,0
4201,0
3649,0
5158,0
3988,0
423,0
9247,0
782,0
5665,0
758,0
7263,1
2275,1
3598,1
1319,0
6928,0
292,0
3820,0
6583,0
5416,1
8608,1
2579,0
3061,1
4844,0
8517,0
1911,0
2516,0
210,0
5713,0
3468,0
1196,0
2696,0
4682,0
715,0
6025,0
3606,0
6429,0
814,0
3961,1
943,0
1681,0
2693,0
4661,0
624,0
5475,0
9467,0
2558,0
8429,0
8510,0
7090,0
6333,0
4585,0
992,0
4610,1
3936,0
6866,0
5247,0
6643,0
7100,0
7082,0
1486,0
746,0
1896,0
7019,1
6458,0
3543,0
9163,0
9472,0
3131,1
1135,0
2737,1
7974,0
3357,0
7233,0
721,0
6915,0
261,0
7205,0
8203,0
1505,0
971,0
8780,0
6716,0
5824,0
3377,0
9384,0
1725,1
7661,0
2837,0
1040,0
2393,0
2986,0
4491,0
2883,0
6090,0
1819,0
9368,0
4616,0
3917,0
5661,0
1071,0
2959,0
8155,0
4346,0
2484,1
7239,0
1827,0
396,0
5703,0
1941,0
6478,0
8057,0
7902,0
3199,0
4663,0
3012,0
8531,0
9580,0
6837,0
3266,0
7988,1
4347,0
5361,0
680,0
848,0
1920,0
2958,0
1653,0
7528,0
629,0
2111,0
4142,0
6089,0
5363,1
815,0
6954,0
3971,0
9362,0
733,0
945,0
3591,0
3438,1
5986,1
8879,0
6412,1
8299,0
2627,0
4965,0
2727,0
7928,0
9019,1
2410,0
2018,0
5568,0
6718,0
3872,0
6150,0
1985,1
3828,0
4773,0
2426,0
5202,0
3663,0
7919,0
5474,0
4041,0
9055,1
3615,0
4971,0
7336,0
3367,0
7001,0
4339,1
7645,0
6204,0
8247,0
7351,0
3135,0
7311,0
38,0
6230,0
2835,0
4196,1
7053,0
5430,0
8412,0
7761,0
5689,0
9220,0
8642,0
4434,0
2725,0
5780,0
5194,1
3836,0
2117,0
8036,1
5886,0
3514,0
7743,0
4908,0
9087,0
4366,0
4790,0
2086,0
1445,0
6508,0
8633,0
7165,0
7429,0
8556,0
7836,0
8544,0
1728,0
1978,0
9028,0
2817,0
3465,0
936,0
565,0
7470,0
2277,0
6165,0
7883,0
1676,0
9338,0
2155,0
5506,0
1682,1
2519,0
1075,0
1798,1
8086,1
6051,0
9340,0
8123,0
2438,0
6357,0
5178,0
8012,0
2910,0
8481,0
1946,0
1274,0
237,0
9106,0
4674,0
1174,0
8949,0
7385,0
3713,0
6989,0
5402,0
7329,0
8567,0
2494,0
1097,0
3428,0
7865,0
1047,0
8701,0
6650,0
2647,0
3408,0
2875,0
836,0
258,0
2634,0
7640,0
1895,0
9485,0
3510,0
8405,0
4427,0
1318,1
870,0
4875,0
3372,0
2180,0
7348,1
4111,0
6108,0
6002,0
6932,0
2479,0
6292,0
8592,0
1800,0
9,0
8010,0
2619,0
6327,0
3619,0
3614,0
8367,0
7376,1
523,0
7044,0
2325,0
285,0
1592,0
7377,0
2147,0
5250,0
6432,0
4058,0
3050,0
5028,0
4710,0
8425,0
9600,0
2261,0
3442,0
6192,1
2590,0
5698,0
2661,0
7664,0
2055,0
4898,0
7108,0
2673,0
1418,0
3007,0
6243,0
3941,0
1059,0
7857,0
8092,0
8146,1
1656,0
9327,0
1489,0
9225,0
7831,0
7966,1
3712,0
8000,0
2030,1
8204,0
5167,1
3079,0
5788,1
6068,0
2614,0
6916,0
7912,0
7935,0
1971,0
6099,0
772,0
5004,0
2831,0
3894,0
9347,1
3378,0
2922,0
9195,0
5963,0
4986,0
7980,0
693,0
2454,0
510,0
376,0
7061,0
2850,0
163,0
4444,0
8444,0
2303,0
7432,0
1667,0
2212,0
3876,0
3461,0
6448,0
8396,0
6134,0
816,0
